epoch,loss,score_p95,score_p99,anomaly_fraction_above_threshold,anomaly_threshold,epoch_time_sec,events_per_sec
1,51655.27379882812,129579.65507812492,380026.6893749941,0.59605,1.0,88.5095824310556,289.2342195822817
2,39467.71388671875,70733.91953125,218846.4235937445,0.59605,1.0,88.96035545598716,287.7686343403328
