epoch,loss,score_p95,score_p99,anomaly_fraction_above_threshold,anomaly_threshold,epoch_time_sec,events_per_sec
1,100498.43791015625,373766.0078124998,1308217.9899999963,0.59605,1.0,176.666738019092,144.9056018526445
2,48097.17740234375,138123.35312499997,309836.6006249983,0.59605,1.0,85.51263449597172,299.3709660670781
