epoch,loss,score_p95,score_p99,anomaly_fraction_above_threshold,anomaly_threshold,epoch_time_sec,events_per_sec
1,132707.2481640625,439650.0749999999,1389798.8049999992,0.59605,1.0,88.45423587178811,289.41519586587657
2,66205.01595703125,171605.19140624988,389520.1171874986,0.59605,1.0,89.76430296897888,285.19131941398746
