epoch,loss,score_p95,score_p99,anomaly_fraction_above_threshold,anomaly_threshold,epoch_time_sec,events_per_sec
1,97997.96134765625,349226.2937499997,1078351.2749999973,0.59605,1.0,105.83084635995328,241.8954480712451
2,44645.418828125,128086.23437499999,296214.3399999977,0.59605,1.0,89.63500593416393,285.60270324300484
