epoch,loss,score_p95,score_p99,anomaly_fraction_above_threshold,anomaly_threshold,epoch_time_sec,events_per_sec
1,101657.477890625,341997.14687499957,966170.318124998,0.59605,1.0,246.5376946781762,103.83807649948851
2,52825.76509765625,135289.92421874992,305600.6731249996,0.59605,1.0,168.4326231861487,151.98955829184789
